Class,Real_Mean,Gen_Mean,Real_Std,Gen_Std
asphalt,0.809770983921258,0.8322024949855531,3.0073612091251025,3.0046880867427337
concrete,1.0868218227844515,1.0815447856177989,2.4270608477732423,2.435627993315703
grass,0.9344582655327159,0.9344582655327159,2.973755893628921,2.973755893628921
tile,0.9007796637277984,0.9007796637277984,2.9741557334582707,2.9741557334582707
